Hormel Original Pepperoni,4.29,0.72,
Oscar Mayer Bologna Sliced Deli Sandwich Lunch Meat,3.09,0.16,
"Food Lion Pepperoni, Italian Style",2.48,0.41,
"Oscar Mayer Oven Roasted Turkey Breast Sliced Lunch Meat, for a Low Carb Lifestyle",6.19,0.55,
Oscar Mayer Thick Cut Bologna Sliced Deli Sandwich Lunch Meat,3.09,0.16,
HORMEL Pepperoni Pepperoni Turkey,4.29,0.86,
Hillshire Farm Thin Sliced Honey Ham Deli Lunch Meat,5.29,0.59,
Land Oâ€™Frost Premium Black Forest Ham,7.39,0.37,
"Oscar Mayer Rotisserie Seasoned Chicken Breast Sliced Lunch Meat, for a Low Carb Lifestyle",6.19,0.55,
Land Oâ€™Frost Premium Honey Ham,7.39,0.37,
Land Oâ€™Frost Premium Oven Roasted Turkey Breast,7.39,0.37,
Oscar Mayer Beef Bologna Sliced Deli Sandwich Lunch Meat,6.99,0.44,
HORMEL Pepperoni Pepperoni Minis,4.29,0.86,
Oscar Mayer Deli Fresh Cracked Black Pepper Turkey Breast Sliced Sandwich Lunch Meat,6.19,0.62,
Hillshire Farm Thin Deli Sliced Turkey Breast Lunchmeat Oven Roasted Turkey Breast,5.29,0.59,
Gwaltney Thick Sliced Chicken Bologna,2.09,0.13,
Hillshire Farm Thin Sliced Honey Ham Deli Lunch Meat,8.29,0.52,
John Morrell Diced Ham,3.29,0.41,
Hillshire Farm Thin Sliced Honey Roasted Turkey Breast Deli Lunch Meat,5.29,0.59,
Oscar Mayer Deli Fresh Mesquite Smoked Turkey Breast Sliced Sandwich Lunch Meat,6.19,0.62,
HORMEL Pepperoni Original Pepperoni,2.49,0.71,
"Carolina Pride Sandwich Meat, Cooked Ham, Water Added",3.99,0.4,
"Food Lion Ham, Cooked, Sliced, Vacuum Packed",6.99,0.44,
Hillshire Farm Ultra Thin Sliced Black Forest Ham Deli Meat,5.29,0.59,
Bar-S Thick Bologna Sliced Deli-Style Lunch Meat,1.39,0.12,
Land Oâ€™Frost Premium Honey Smoked Turkey Breast,7.39,0.37,
Bar-S Classic Bologna Sliced Deli-Style Lunch Meat,1.39,0.12,
Smithfield Diced Ham,5.99,0.37,
Land Oâ€™Frost Premium Oven Roasted Chicken Breast,7.39,0.37,
Oscar Mayer Beef Bologna Sliced Deli Sandwich Lunch Meat,4.99,0.62,
Oscar Mayer Deli Fresh Rotisserie Seasoned Chicken Breast Sandwich Lunch Meat Family Size,7.99,7.99,
"Land Oâ€™Frost Ham, Black Forest",3.49,0.39,
Oscar Mayer Deli Fresh Slow Roasted Roast Beef Sliced Sandwich Lunch Meat,6.19,0.71,
"Food Lion Ham, Danish Brand, Sliced, Vacuum Packed",6.99,0.44,
Gwaltney Original Chicken Bologna,2.09,0.13,
Food Lion Food Lion Honey Smoked Turkey Breast,4.48,0.5,
Oscar Mayer Deli Fresh Cracked Black Pepper Turkey Breast Sliced Sandwich Lunch Meat Family Size,7.99,0.5,
Hillshire Farm Thin Deli Sliced Turkey Breast Lunchmeat Oven Roasted Turkey Breast,8.29,0.52,
Land Oâ€™Frost Premium Old Fashioned Cooked Ham,7.39,0.37,
Oscar Mayer Thick Cut Beef Bologna Sliced Deli Sandwich Lunch Meat,6.99,6.99,
"Hillshire Farm Â® Ultra Thin Sliced Lunchmeat, Roast Beef, 7 oz.",5.29,0.76,
Hillshire Farm Thin Sliced Oven Roasted Turkey Breast & Honey Ham Sliced Deli Lunch Meat,8.29,0.52,
"Oscar Mayer Sub Kit, Ham & Turkey, Smoked",7.99,0.29,
"Land Oâ€™Frost Turkey, Oven Roasted",3.49,0.39,
Land Oâ€™Frost DeliShaved Ham Honey,3.49,0.39,
Land Oâ€™Frost Premium Beef,7.39,0.6,
Land Oâ€™Frost Premium Natural Hickory Smoked Ham,7.39,0.37,
Land Oâ€™Frost Premium Hickory Smoked Turkey Breast,7.39,0.37,
Oscar Mayer Deli Fresh Honey Smoked Turkey Breast Sliced Sandwich Lunch Meat Family Size,7.99,0.5,
"Land Oâ€™Frost Sub Sandwich Kit, Honey Ham & Turkey, Vacuum Packed",7.99,0.4,
Food Lion Food Lion Roast Beef,4.48,0.64,
"Land Oâ€™Frost Sub Sandwich Kit Black Forest Ham & Turkey, Vacuum Packed",7.99,0.4,
Land Oâ€™Frost Premium Home Style Brown Sugar Ham,7.39,0.37,
Buddig Honey Ham,0.89,0.45,
Buddig Turkey,0.89,0.45,
John Morrell Mini Cubed Ham,3.29,0.41,
Oscar Mayer Sub Kit with Honey Ham & Honey Smoked Turkey Sliced Deli Sandwich Lunch Meat,7.99,0.29,
Food Lion Food Lion Honey Smoked Ham,4.48,0.5,
"Food Lion Turkey Breast, Oven Roasted, Bag",6.99,0.44,
Buddig Beef,0.89,0.45,